-- phpMyAdmin SQL Dump
-- version 4.9.0.1
-- https://www.phpmyadmin.net/
--
-- Host: 127.0.0.1
-- Generation Time: Jul 18, 2019 at 06:28 PM
-- Server version: 10.3.16-MariaDB
-- PHP Version: 7.3.6

SET SQL_MODE = "NO_AUTO_VALUE_ON_ZERO";
SET AUTOCOMMIT = 0;
START TRANSACTION;
SET time_zone = "+00:00";


/*!40101 SET @OLD_CHARACTER_SET_CLIENT=@@CHARACTER_SET_CLIENT */;
/*!40101 SET @OLD_CHARACTER_SET_RESULTS=@@CHARACTER_SET_RESULTS */;
/*!40101 SET @OLD_COLLATION_CONNECTION=@@COLLATION_CONNECTION */;
/*!40101 SET NAMES utf8mb4 */;

--
-- Database: `tms`
--

-- --------------------------------------------------------

--
-- Table structure for table `admin`
--

CREATE TABLE `admin` (
  `id` int(11) NOT NULL,
  `UserName` varchar(100) NOT NULL,
  `Password` varchar(100) NOT NULL,
  `updationDate` timestamp NOT NULL DEFAULT '0000-00-00 00:00:00' ON UPDATE current_timestamp()
) ENGINE=InnoDB DEFAULT CHARSET=latin1;

--
-- Dumping data for table `admin`
--

INSERT INTO `admin` (`id`, `UserName`, `Password`, `updationDate`) VALUES
(1, 'admin', '098f6bcd4621d373cade4e832627b4f6', '2019-06-30 14:29:53'),
(2, 'test', '098f6bcd4621d373cade4e832627b4f6', '2019-06-11 18:00:00');

-- --------------------------------------------------------

--
-- Table structure for table `tblbooking`
--

CREATE TABLE `tblbooking` (
  `BookingId` int(11) NOT NULL,
  `PackageId` int(11) NOT NULL,
  `UserEmail` varchar(100) NOT NULL,
  `FromDate` varchar(100) NOT NULL,
  `ToDate` varchar(100) NOT NULL,
  `Comment` mediumtext NOT NULL,
  `RegDate` timestamp NOT NULL DEFAULT current_timestamp(),
  `status` int(11) NOT NULL,
  `CancelledBy` varchar(5) DEFAULT NULL,
  `UpdationDate` timestamp NULL DEFAULT NULL ON UPDATE current_timestamp()
) ENGINE=InnoDB DEFAULT CHARSET=latin1;

--
-- Dumping data for table `tblbooking`
--

INSERT INTO `tblbooking` (`BookingId`, `PackageId`, `UserEmail`, `FromDate`, `ToDate`, `Comment`, `RegDate`, `status`, `CancelledBy`, `UpdationDate`) VALUES
(2, 1, 'anuj@gmail.com', '05/18/2017', '05/31/2017', '\"Lorem ipsum dolor sit amet, cpariatur. Excepteur sint ', '2019-05-13 19:01:10', 2, 'u', '2019-06-30 14:58:46'),
(3, 2, 'anuj@gmail.com', '05/16/2017', '05/31/2017', 'casf esd sg gd gdfh df', '2019-04-10 20:20:01', 2, 'a', '2019-09-13 23:04:40'),
(4, 1, 'anuj@gmail.com', '05/16/2017', '05/31/2017', 'dwef  fwe', '2019-05-13 20:32:54', 2, 'a', '2019-05-13 21:36:39'),
(5, 1, 'anuj@gmail.com', '05/16/2017', '05/31/2017', 'dwef  fwe', '2019-05-13 20:33:17', 1, NULL, '2019-06-30 14:59:23'),
(6, 2, 'anuj@gmail.com', '05/14/2017', '05/24/2017', 'test demo', '2019-05-13 21:18:37', 2, 'a', '2019-06-30 14:59:30'),
(7, 4, 'sarita@gmail.com', '05/26/2017', '05/30/2017', 'est laborum.\" velit esse cillum dolore eu fugiat nulla pariatur. Excepteur sint occaecat cupidatat non proident, sunt in culpa qui officia deserunt mollit anim id est laborum.\" velit esse cillum dolore eu fugiat nulla pariatur. Excepteur sint occaecat cupidatat non proident, sunt in culpa qui officia deserunt mollit anim id est laborum.', '2019-05-14 05:09:11', 2, 'a', '2019-05-14 07:47:39'),
(8, 2, 'sarita@gmail.com', '05/27/2017', '05/28/2017', 'ubub5u6', '2019-05-14 05:10:24', 2, 'a', '2019-06-30 14:59:46'),
(9, 1, 'demo@test.com', '05/19/2017', '05/21/2017', 'demo test demo test', '2019-05-14 07:45:11', 1, NULL, '2019-06-30 14:59:43'),
(10, 5, 'abc@g.com', '05/22/2017', '05/24/2017', 'test test t test test ttest test ttest test ttest test ttest test ttest test ttest test ttest test ttest test ttest test ttest test ttest test ttest test t', '2017-05-14 07:56:26', 2, 'a', '2019-06-29 11:07:58'),
(11, 1, 'as@mai.com', '2019-07-30', '2019-08-03', 'i wan to', '2019-06-29 11:06:01', 3, NULL, '2019-06-29 11:07:36'),
(12, 7, 'as@mai.com', '2019-06-29', '2019-06-29', 'i wan to', '2019-06-29 11:13:52', 1, NULL, '2019-06-29 11:14:25'),
(13, 1, 'as@mai.com', '2019-06-30', '2019-07-07', 'i wan to', '2019-06-30 14:47:04', 0, NULL, NULL);

-- --------------------------------------------------------

--
-- Table structure for table `tblenquiry`
--

CREATE TABLE `tblenquiry` (
  `id` int(11) NOT NULL,
  `FullName` varchar(100) NOT NULL,
  `EmailId` varchar(100) NOT NULL,
  `MobileNumber` char(10) NOT NULL,
  `Subject` varchar(100) NOT NULL,
  `Description` mediumtext NOT NULL,
  `PostingDate` timestamp NOT NULL DEFAULT current_timestamp(),
  `Status` int(1) DEFAULT NULL
) ENGINE=InnoDB DEFAULT CHARSET=latin1;

--
-- Dumping data for table `tblenquiry`
--

INSERT INTO `tblenquiry` (`id`, `FullName`, `EmailId`, `MobileNumber`, `Subject`, `Description`, `PostingDate`, `Status`) VALUES
(1, 'anuj', 'anuj.lpu1@gmail.com', '2354235235', 'The standard Lorem Ipsum passage, used since the 1500s', 'Lorem ipsum dolor sit amet, consectetur adipiscing elit, sed do eiusmod tempor incididunt ut labore et dolore magna aliqua. Ut enim ad minim veniam, quis nostrud exercitation ullamco laboris nisi ut aliquip ex ea commodo consequat. Duis aute irure dolor in reprehenderit in voluptate velit esse cillum dolore eu fugiat nulla pariatur. Excepteur sint occaecat cupidatat non proident, sunt in culpa qui officia deserunt mollit anim id est laborum', '2019-05-13 22:23:53', 1),
(2, 'efgegter', 'terterte@gmail.com', '3454353453', 'The standard Lorem Ipsum passage', 'nventore veritatis et quasi architecto beatae vitae dicta sunt explicabo. Nemo enim ipsam voluptatem quia voluptas sit aspernatur aut odit aut fugit, sed quia consequuntur magni dolores eos qui ratione voluptatem sequi nesciunt. Neque porro quisquam est, qui dolorem ipsum quia dolor sit amet, consectetur, adipisci velit, sed quia non numquam eius modi tempora incidunt ut labore et dolore magnam aliquam quaerat volup', '2019-05-13 22:27:00', 1),
(3, 'fwerwetrwet', 'fwsfhrtre@hdhdhqw.com', '8888888888', 'erwt wet', 'nventore veritatis et quasi architecto beatae vitae dicta sunt explicabo. Nemo enim ipsam voluptatem quia voluptas sit aspernatur aut odit aut fugit, sed quia consequuntur magni dolores eos qui ratione voluptatem sequi nesciunt. Neque porro quisquam est, qui dolorem ipsum quia dolor sit amet, consectetur, adipisci velit, sed quia non numquam eius modi tempora incidunt ut labore et dolore magnam aliquam quaerat volup', '2019-05-13 22:28:11', 1),
(4, 'Test', 'test@gm.com', '4747474747', 'Test', 'iidiidiidiidiidiidiidiidiidiidiidiidiidiidiidiidiidiidiidiidiidiidiidiidiidiid', '2019-05-14 07:54:07', NULL),
(5, 'i knew', 'as@mai.com', '1213212312', 'tesr', 'Lorem Ipsum is simply dummy text of the printing and typesetting industry. Lorem Ipsum has been the industry\'s standard dummy text ever since the 1500s, when an unknown printer took a galley of type and scrambled it to make a type specimen book. It has survived not only five centuries, but also the leap into electronic typesetting, remaining essentially unchanged. It was popularised in the 1960s with the release of Letraset sheets containing Lorem Ipsum passages, and more recently with desktop publishing software like Aldus PageMaker including versions of Lorem Ipsum', '2019-06-30 14:52:15', NULL);

-- --------------------------------------------------------

--
-- Table structure for table `tblissues`
--

CREATE TABLE `tblissues` (
  `id` int(11) NOT NULL,
  `UserEmail` varchar(100) NOT NULL,
  `Issue` varchar(100) NOT NULL,
  `Description` mediumtext NOT NULL,
  `PostingDate` timestamp NOT NULL DEFAULT current_timestamp(),
  `AdminRemark` mediumtext DEFAULT NULL,
  `AdminremarkDate` timestamp NULL DEFAULT '0000-00-00 00:00:00' ON UPDATE current_timestamp()
) ENGINE=InnoDB DEFAULT CHARSET=latin1;

--
-- Dumping data for table `tblissues`
--

INSERT INTO `tblissues` (`id`, `UserEmail`, `Issue`, `Description`, `PostingDate`, `AdminRemark`, `AdminremarkDate`) VALUES
(4, 'anuj@gmail.com', 'Cancellation', 'Lorem ipsum dolor sit amet, consectetur adipiscing elit, sed do eiusmod tempor incididunt ut labore et dolore magna aliqua. Ut enim ad minim veniam, quis nostrud exercitation ullamco ', '2019-05-13 22:03:33', 'Sed ut perspiciatis unde omnis iste natus error sit voluptatem accusantium doloremque laudantium, totam rem aperiam, eaque ipsa quae ab illo inventore veritatis et quasi architecto beatae vitae dicta sunt explicabo. Nemo enim ipsam voluptatem quia voluptas sit aspernatur aut odit aut fugit, sed quia consequuntur magni dolores eos qui ratione voluptatem sequi nesciunt. Neque porro quisquam est, qui dolorem ipsum quia dolor sit amet, consectetur, adipisci velit, sed quia non numquam eius modi tempora incidunt ut labore et dolore magnam aliquam quaerat voluptatem. Ut enim ad minima veniam, quis nostrum exercitationem ullam corporis suscipit laboriosam, nisi ut aliquid ex ea commodi consequatur? Quis autem vel eum iure reprehenderit qui in ea voluptate velit esse quam nihil molestiae consequatur, vel illum qui dolorem eum fugiat quo voluptas nulla pariatur', '2019-06-30 15:00:13'),
(5, 'sarita@gmail.com', 'Cancellation', 'tbt 3y 34y4 3y3hgg34t', '2019-05-14 05:12:14', 'sg sd gs g sdgfs ', '2019-06-30 15:00:15'),
(6, 'demo@test.com', 'Refund', 'demo test.com demo test.comdemo test.comdemo test.comdemo test.com', '2019-05-14 07:45:37', NULL, '2019-06-10 18:00:00'),
(7, 'abc@g.com', 'Refund', 'test test ttest test ttest test ttest test ttest test ttest test t', '2019-05-14 07:56:46', 'vetet ert erteryre', '2019-05-14 07:58:43');

-- --------------------------------------------------------

--
-- Table structure for table `tblpages`
--

CREATE TABLE `tblpages` (
  `id` int(11) NOT NULL,
  `type` varchar(255) NOT NULL DEFAULT '',
  `detail` longtext NOT NULL
) ENGINE=MyISAM DEFAULT CHARSET=latin1;

--
-- Dumping data for table `tblpages`
--

INSERT INTO `tblpages` (`id`, `type`, `detail`) VALUES
(1, 'terms', '										<p align=\"justify\"><font size=\"2\"><strong><font color=\"#990000\">(1) ACCEPTANCE OF TERMS</font><br><br></strong></font></p><h2 style=\"margin: 0px 0px 10px; padding: 0px; line-height: 24px; font-family: DauphinPlain; font-size: 24px; color: rgb(0, 0, 0);\">Where does it come from?</h2><p style=\"margin-bottom: 15px; padding: 0px; text-align: justify; color: rgb(0, 0, 0); font-family: &quot;Open Sans&quot;, Arial, sans-serif; font-size: 14px;\">Contrary to popular belief, Lorem Ipsum is not simply random text. It has roots in a piece of classical Latin literature from 45 BC, making it over 2000 years old. Richard McClintock, a Latin professor at Hampden-Sydney College in Virginia, looked up one of the more obscure Latin words, consectetur, from a Lorem Ipsum passage, and going through the cites of the word in classical literature, discovered the undoubtable source. Lorem Ipsum comes from sections 1.10.32 and 1.10.33 of \"de Finibus Bonorum et Malorum\" (The Extremes of Good and Evil) by Cicero, written in 45 BC. This book is a treatise on the theory of ethics, very popular during the Renaissance. The first line of Lorem Ipsum, \"Lorem ipsum dolor sit amet..\", comes from a line in section 1.10.32.</p><p style=\"margin-bottom: 15px; padding: 0px; text-align: justify; color: rgb(0, 0, 0); font-family: &quot;Open Sans&quot;, Arial, sans-serif; font-size: 14px;\">The standard chunk of Lorem Ipsum used since the 1500s is reproduced below for those interested. Sections 1.10.32 and 1.10.33 from \"de Finibus Bonorum et Malorum\" by Cicero are also reproduced in their exact original form, accompanied by English versions from the 1914 translation by H. Rackham.</p>\r\n										'),
(2, 'privacy', '<h2 style=\"margin: 0px 0px 10px; padding: 0px; line-height: 24px; font-family: DauphinPlain; font-size: 24px; color: rgb(0, 0, 0);\">Where does it come from?</h2><p style=\"margin-bottom: 15px; padding: 0px; text-align: justify; color: rgb(0, 0, 0); font-family: &quot;Open Sans&quot;, Arial, sans-serif; font-size: 14px;\">Contrary to popular belief, Lorem Ipsum is not simply random text. It has roots in a piece of classical Latin literature from 45 BC, making it over 2000 years old. Richard McClintock, a Latin professor at Hampden-Sydney College in Virginia, looked up one of the more obscure Latin words, consectetur, from a Lorem Ipsum passage, and going through the cites of the word in classical literature, discovered the undoubtable source. Lorem Ipsum comes from sections 1.10.32 and 1.10.33 of \"de Finibus Bonorum et Malorum\" (The Extremes of Good and Evil) by Cicero, written in 45 BC. This book is a treatise on the theory of ethics, very popular during the Renaissance. The first line of Lorem Ipsum, \"Lorem ipsum dolor sit amet..\", comes from a line in section 1.10.32.</p><p style=\"margin-bottom: 15px; padding: 0px; text-align: justify; color: rgb(0, 0, 0); font-family: &quot;Open Sans&quot;, Arial, sans-serif; font-size: 14px;\">The standard chunk of Lorem Ipsum used since the 1500s is reproduced below for those interested. Sections 1.10.32 and 1.10.33 from \"de Finibus Bonorum et Malorum\" by Cicero are also reproduced in their exact original form, accompanied by English versions from the 1914 translation by H. Rackham.</p>'),
(3, 'aboutus', '<strong style=\"margin: 0px; padding: 0px; color: rgb(0, 0, 0); font-family: &quot;Open Sans&quot;, Arial, sans-serif; font-size: 14px; text-align: justify;\">Lorem Ipsum</strong><span style=\"color: rgb(0, 0, 0); font-family: &quot;Open Sans&quot;, Arial, sans-serif; font-size: 14px; text-align: justify;\">&nbsp;is simply dummy text of the printing and typesetting industry. Lorem Ipsum has been the industry\'s standard dummy text ever since the 1500s, when an unknown printer took a galley of type and scrambled it to make a type specimen book. It has survived not only five centuries, but also the leap into electronic typesetting, remaining essentially unchanged. It was popularised in the 1960s with the release of Letraset sheets containing Lorem Ipsum passages, and more recently with desktop publishing software like Aldus PageMaker including versions of Lorem Ipsum</span>'),
(11, 'contact', '																				<span style=\"color: rgb(0, 0, 0); font-family: &quot;Open Sans&quot;, Arial, sans-serif; font-size: 14px; text-align: justify;\">Address------JU</span>');

-- --------------------------------------------------------

--
-- Table structure for table `tbltourpackages`
--

CREATE TABLE `tbltourpackages` (
  `PackageId` int(11) NOT NULL,
  `PackageName` varchar(200) NOT NULL,
  `PackageType` varchar(150) NOT NULL,
  `PackageLocation` varchar(100) NOT NULL,
  `PackagePrice` int(11) NOT NULL,
  `PackageFetures` varchar(255) NOT NULL,
  `PackageDetails` mediumtext NOT NULL,
  `PackageImage` varchar(100) NOT NULL,
  `Creationdate` timestamp NOT NULL DEFAULT current_timestamp(),
  `UpdationDate` timestamp NULL DEFAULT '0000-00-00 00:00:00' ON UPDATE current_timestamp()
) ENGINE=InnoDB DEFAULT CHARSET=latin1;

--
-- Dumping data for table `tbltourpackages`
--

INSERT INTO `tbltourpackages` (`PackageId`, `PackageName`, `PackageType`, `PackageLocation`, `PackagePrice`, `PackageFetures`, `PackageDetails`, `PackageImage`, `Creationdate`, `UpdationDate`) VALUES
(1, 'Manali Trip ', 'General', 'Kullu Manali India', 100, 'Air Conditioning ,Balcony / Terrace,Cable / Satellite / Pay TV available,Ceiling Fan,Hairdryer', '\"Lorem ipsum dolor sit amet, consectetur adipiscing elit, sed do eiusmod tempor incididunt ut labore et dolore magna aliqua. Ut enim ad minim veniam, quis nostrud exercitation ullamco laboris nisi ut aliquip ex ea commodo consequat. Duis aute irure dolor in reprehenderit in voluptate velit esse cillum dolore eu fugiat nulla pariatur. Excepteur sint occaecat cupidatat non proident, sunt in culpa qui officia deserunt mollit anim id est laborum.\"', '14287acc-b5cb-46db-b8b4-e3ffe652fc0d.png', '2019-05-13 14:23:44', '2019-05-13 17:51:01'),
(2, 'Test ', 'Test', 'Delhi India', 5433, '\"Lorem ipsum dolor sit amet, consectetur adipiscing elit, sed do eiusmod tempor incididunt ut labore et dolore magna aliqua. Ut enim ad minim veniam, quis nostrud exercitation ullamco laboris nisi ut aliquip ex ea commodo consequat. Duis aute irure dolor ', 'demo test demo test demo test demo test demo test demo test demo test demo test demo test demo test demo test demo test demo test demo test demo test demo test demo test demo test demo test demo test demo test demo test demo test demo test demo test demo test demo test demo test demo test demo test demo test demo test demo test demo test demo test demo test demo test demo test demo test demo test demo test demo test demo test demo test demo test ', 'phpgurukul-1.png', '2019-05-13 15:24:26', '2019-05-13 17:51:57'),
(3, 'Demo Demo  Demo Demo test', 'Demo Demo Demo Demo Demo Demo  test', 'Demo Demo Demo Demo Demo Demo  test', 1000, 'Demo Demo  test', 'testtesttesttesttesttesttesttesttesttesttesttesttesttesttesttesttesttesttesttesttesttesttesttesttesttesttesttesttesttesttesttesttesttesttesttesttesttesttesttesttesttesttesttesttesttesttesttesttesttesttesttesttesttesttesttesttesttesttesttesttesttesttesttesttesttesttesttesttesttesttesttesttesttesttesttesttesttesttesttesttesttesttesttesttesttesttesttesttesttesttesttesttesttesttesttesttesttesttesttest', 'complaints.jpg', '2019-05-13 16:00:58', '2019-05-13 16:28:14'),
(4, 'Kerla', 'Familty and Couple', 'Kerlal', 2000, ' velit esse cillum dolore eu fugiat nulla pariatur. Excepteur sint occaecat cupidatat non proident, sunt in culpa qui officia deserunt mollit anim id est laborum.\"', ' velit esse cillum dolore eu fugiat nulla pariatur. Excepteur sint occaecat cupidatat non proident, sunt in culpa qui officia deserunt mollit anim id est laborum.\" velit esse cillum dolore eu fugiat nulla pariatur. Excepteur sint occaecat cupidatat non proident, sunt in culpa qui officia deserunt mollit anim id est laborum.\" velit esse cillum dolore eu fugiat nulla pariatur. Excepteur sint occaecat cupidatat non proident, sunt in culpa qui officia deserunt mollit anim id est laborum.\" velit esse cillum dolore eu fugiat nulla pariatur. Excepteur sint occaecat cupidatat non proident, sunt in culpa qui officia deserunt mollit anim id est laborum.\"', 'images.jpg', '2019-05-13 22:39:37', '2019-06-30 15:01:14'),
(5, 'Coorg : Tour Packages', 'General', 'Coorg', 3000, ' velit esse cillum dolore eu fugiat nulla pariatur. Excepteur sint occaecat cupidatat non proident, sunt in culpa qui officia deserunt mollit anim id est laborum.\"', ' velit esse cillum dolore eu fugiat nulla pariatur. Excepteur sint occaecat cupidatat non proident, sunt in culpa qui officia deserunt mollit anim id est laborum.\" velit esse cillum dolore eu fugiat nulla pariatur. Excepteur sint occaecat cupidatat non proident, sunt in culpa qui officia deserunt mollit anim id est laborum.\" velit esse cillum dolore eu fugiat nulla pariatur. Excepteur sint occaecat cupidatat non proident, sunt in culpa qui officia deserunt mollit anim id est laborum.\" velit esse cillum dolore eu fugiat nulla pariatur. Excepteur sint occaecat cupidatat non proident, sunt in culpa qui officia deserunt mollit anim id est laborum.\" velit esse cillum dolore eu fugiat nulla pariatur. Excepteur sint occaecat cupidatat non proident, sunt in culpa qui officia deserunt mollit anim id est laborum.\" velit esse cillum dolore eu fugiat nulla pariatur. Excepteur sint occaecat cupidatat non proident, sunt in culpa qui officia deserunt mollit anim id est laborum.\" velit esse cillum dolore eu fugiat nulla pariatur. Excepteur sint occaecat cupidatat non proident, sunt in culpa qui officia deserunt mollit anim id est laborum.\" velit esse cillum dolore eu fugiat nulla pariatur. Excepteur sint occaecat cupidatat non proident, sunt in culpa qui officia deserunt mollit anim id est laborum.\"', 'coorg-hill-station1.jpg', '2019-05-13 22:42:10', '2019-06-30 15:01:17'),
(6, 'Indonesia', 'Family', 'Indonesia', 5000, 'Frree wifi, pickup and drop etc', 'Test Test Test Test Test Test Test Test Test Test Test Test Test Test Test Test Test Test Test Test Test Test Test Test Test Test Test Test Test Test Test Test Test Test Test Test Test Test Test Test Test Test Test Test Test Test Test Test Test Test Test Test Test Test Test Test Test Test Test Test ', 'mamp-pro-logo-big.png', '2019-05-14 08:01:08', '2019-05-14 08:01:27'),
(7, 'Holiday Sylhet', 'Family package', 'Sylhet', 522, 'no', 'test package lets see', 'social-campaign.jpg', '2019-06-29 11:03:41', '0000-00-00 00:00:00');

-- --------------------------------------------------------

--
-- Table structure for table `tblusers`
--

CREATE TABLE `tblusers` (
  `id` int(11) NOT NULL,
  `FullName` varchar(100) NOT NULL,
  `MobileNumber` char(10) NOT NULL,
  `EmailId` varchar(70) NOT NULL,
  `Password` varchar(100) NOT NULL,
  `RegDate` timestamp NOT NULL DEFAULT current_timestamp(),
  `UpdationDate` timestamp NOT NULL DEFAULT '0000-00-00 00:00:00' ON UPDATE current_timestamp()
) ENGINE=InnoDB DEFAULT CHARSET=latin1;

--
-- Dumping data for table `tblusers`
--

INSERT INTO `tblusers` (`id`, `FullName`, `MobileNumber`, `EmailId`, `Password`, `RegDate`, `UpdationDate`) VALUES
(1, 'Anuj kumar', '1111111111', 'anuj@gmail.com', '5c428d8875d2948607f3e3fe134d71b4', '2019-05-10 10:38:17', '2019-05-13 19:36:08'),
(3, 'sarita', '9999999999', 'sarita@gmail.com', '5c428d8875d2948607f3e3fe134d71b4', '2019-05-10 10:50:48', '2019-05-14 07:40:19'),
(7, 'test', '7676767676', 'test@gm.com', 'f925916e2754e5e03f75dd58a5733251', '2019-05-10 10:54:56', '2019-06-30 15:01:40'),
(8, 'Anuj kumar', '9999999999', 'demo@gmail.com', 'f925916e2754e5e03f75dd58a5733251', '2019-05-14 07:17:44', '2019-06-30 15:01:42'),
(9, 'XYZabc', '3333333333', 'xyz@gmail.com', 'f925916e2754e5e03f75dd58a5733251', '2019-05-14 07:25:13', '2019-05-14 07:25:42'),
(10, 'Anuj Kumar', '4543534534', 'demo@test.com', 'f925916e2754e5e03f75dd58a5733251', '2019-05-14 07:43:23', '2019-05-14 07:46:57'),
(11, 'XYZ', '8888888888', 'abc@g.com', 'f925916e2754e5e03f75dd58a5733251', '2019-05-14 07:54:32', '2019-05-14 07:55:17'),
(12, 'testu', '12345666', 'as@mai.com', 'e10adc3949ba59abbe56e057f20f883e', '2019-06-29 11:04:54', '0000-00-00 00:00:00');

--
-- Indexes for dumped tables
--

--
-- Indexes for table `admin`
--
ALTER TABLE `admin`
  ADD PRIMARY KEY (`id`);

--
-- Indexes for table `tblbooking`
--
ALTER TABLE `tblbooking`
  ADD PRIMARY KEY (`BookingId`);

--
-- Indexes for table `tblenquiry`
--
ALTER TABLE `tblenquiry`
  ADD PRIMARY KEY (`id`);

--
-- Indexes for table `tblissues`
--
ALTER TABLE `tblissues`
  ADD PRIMARY KEY (`id`);

--
-- Indexes for table `tblpages`
--
ALTER TABLE `tblpages`
  ADD PRIMARY KEY (`id`);

--
-- Indexes for table `tbltourpackages`
--
ALTER TABLE `tbltourpackages`
  ADD PRIMARY KEY (`PackageId`);

--
-- Indexes for table `tblusers`
--
ALTER TABLE `tblusers`
  ADD PRIMARY KEY (`id`),
  ADD KEY `EmailId` (`EmailId`),
  ADD KEY `EmailId_2` (`EmailId`);

--
-- AUTO_INCREMENT for dumped tables
--

--
-- AUTO_INCREMENT for table `admin`
--
ALTER TABLE `admin`
  MODIFY `id` int(11) NOT NULL AUTO_INCREMENT, AUTO_INCREMENT=3;

--
-- AUTO_INCREMENT for table `tblbooking`
--
ALTER TABLE `tblbooking`
  MODIFY `BookingId` int(11) NOT NULL AUTO_INCREMENT, AUTO_INCREMENT=14;

--
-- AUTO_INCREMENT for table `tblenquiry`
--
ALTER TABLE `tblenquiry`
  MODIFY `id` int(11) NOT NULL AUTO_INCREMENT, AUTO_INCREMENT=6;

--
-- AUTO_INCREMENT for table `tblissues`
--
ALTER TABLE `tblissues`
  MODIFY `id` int(11) NOT NULL AUTO_INCREMENT, AUTO_INCREMENT=8;

--
-- AUTO_INCREMENT for table `tblpages`
--
ALTER TABLE `tblpages`
  MODIFY `id` int(11) NOT NULL AUTO_INCREMENT, AUTO_INCREMENT=22;

--
-- AUTO_INCREMENT for table `tbltourpackages`
--
ALTER TABLE `tbltourpackages`
  MODIFY `PackageId` int(11) NOT NULL AUTO_INCREMENT, AUTO_INCREMENT=8;

--
-- AUTO_INCREMENT for table `tblusers`
--
ALTER TABLE `tblusers`
  MODIFY `id` int(11) NOT NULL AUTO_INCREMENT, AUTO_INCREMENT=13;
COMMIT;

/*!40101 SET CHARACTER_SET_CLIENT=@OLD_CHARACTER_SET_CLIENT */;
/*!40101 SET CHARACTER_SET_RESULTS=@OLD_CHARACTER_SET_RESULTS */;
/*!40101 SET COLLATION_CONNECTION=@OLD_COLLATION_CONNECTION */;
